name,parental level of education,lunch,test preparation course,math score,reading score,writing score
Abson,bachelor's degree,standard,none,72,72,74
Acton,some college,standard,completed,69,90,88
Addisson,master's degree,standard,none,90,95,93
Agars,associate's degree,free/reduced,none,47,57,44
Ainley,some college,standard,none,76,78,75
Akenhead,associate's degree,standard,none,71,83,78
Alcorn,some college,standard,completed,88,95,92
Aldrich,some college,free/reduced,none,40,43,39
Allanby,high school,free/reduced,completed,64,64,67
Allcroft,high school,free/reduced,none,38,60,50
Allitt,associate's degree,standard,none,58,54,52
Allwood,associate's degree,standard,none,40,52,43
Alvis,high school,standard,none,65,81,73
Amor,some college,standard,completed,78,72,70
Anfield,master's degree,standard,none,50,53,58
Annan,some high school,standard,none,69,75,78
Anstis,high school,standard,none,88,89,86
Appleby,some high school,free/reduced,none,18,32,28
Archdeacon,master's degree,free/reduced,completed,46,42,46
Argyle,associate's degree,free/reduced,none,54,58,61
Armitstead,high school,standard,none,66,69,63
Arnott,some college,free/reduced,completed,65,75,70
Asa,some college,standard,none,44,54,53
Ashcroft,some high school,standard,none,69,73,73
Ashurst,bachelor's degree,free/reduced,completed,74,71,80
Aspinwall,master's degree,free/reduced,none,73,74,72
Astwood,some college,standard,none,69,54,55
Atnicle,bachelor's degree,standard,none,67,69,75
Atwood,high school,standard,none,70,70,65
Austine,master's degree,standard,none,62,70,75
Ayers,some college,standard,none,69,74,74
Ayting,some college,standard,none,63,65,61
Bacot,master's degree,free/reduced,none,56,72,65
Baggaley,some college,standard,none,40,42,38
Baguley,some college,standard,none,97,87,82
Bairstow,associate's degree,standard,completed,81,81,79
Baldry,associate's degree,standard,none,74,81,83
Balme,some high school,free/reduced,none,50,64,59
Bammond,associate's degree,free/reduced,completed,75,90,88
Bannester,associate's degree,free/reduced,none,57,56,57
Barclay,associate's degree,free/reduced,none,55,61,54
Bargery,associate's degree,standard,none,58,73,68
Barling,associate's degree,standard,none,53,58,65
Barnfield,some college,free/reduced,completed,59,65,66
Barrance,associate's degree,free/reduced,none,50,56,54
Barritt,associate's degree,standard,none,65,54,57
Bartholemew,associate's degree,standard,completed,55,65,62
Barwood,high school,standard,none,66,71,76
Bassford,associate's degree,free/reduced,completed,57,74,76
Bates,high school,standard,completed,82,84,82
Battensby,some college,standard,none,53,55,48
Baugh,associate's degree,free/reduced,completed,77,69,68
Baxter,some college,standard,none,53,44,42
Baynes,high school,standard,none,88,78,75
Beadnell,some high school,free/reduced,completed,71,84,87
Beardall,high school,free/reduced,none,33,41,43
Beason,associate's degree,standard,completed,82,85,86
Beavis,associate's degree,standard,none,52,55,49
Beckingham,some college,standard,completed,58,59,58
Beddows,some high school,free/reduced,none,0,17,10
Beechy,bachelor's degree,free/reduced,completed,79,74,72
Beeston,some high school,free/reduced,none,39,39,34
Beill,associate's degree,free/reduced,none,62,61,55
Bellaby,associate's degree,standard,none,69,80,71
Bellmer,some high school,standard,none,59,58,59
Beney,some high school,standard,none,67,64,61
Bennetts,some high school,free/reduced,none,45,37,37
Bentlett,some college,standard,none,60,72,74
Bernie,associate's degree,free/reduced,none,61,58,56
Bertram,associate's degree,standard,none,39,64,57
Betson,some college,free/reduced,completed,58,63,73
Bevans,some college,standard,completed,63,55,63
Beynon,associate's degree,free/reduced,none,41,51,48
Bickham,some high school,free/reduced,none,61,57,56
Biffin,some high school,standard,none,49,49,41
Bignold,associate's degree,free/reduced,none,44,41,38
Billinge,some high school,standard,none,30,26,22
Bingham,bachelor's degree,standard,completed,80,78,81
Birbeck,some high school,standard,completed,61,74,72
Birkenhead,master's degree,standard,none,62,68,68
Birtles,associate's degree,standard,none,47,49,50
Bissett,high school,free/reduced,none,49,45,45
Blackburn,some college,free/reduced,completed,50,47,54
Blackwall,associate's degree,standard,none,72,64,63
Blakeman,high school,free/reduced,none,42,39,34
Blanches,some college,standard,none,73,80,82
Blaxill,some college,free/reduced,none,76,83,88
Blenkinsop,associate's degree,standard,none,71,71,74
Blinks,some college,standard,none,58,70,67
Bloomer,some high school,standard,none,73,86,82
Bloyd,bachelor's degree,standard,none,65,72,74
Boak,high school,free/reduced,none,27,34,36
Bodilly,high school,standard,none,71,79,71
Bolam,associate's degree,free/reduced,completed,43,45,50
Bolsover,some college,standard,none,79,86,92
Boney,associate's degree,free/reduced,completed,78,81,82
Bonython,some high school,standard,completed,65,66,62
Boot,some college,standard,completed,63,72,70
Boreham,some college,free/reduced,none,58,67,62
Bose,bachelor's degree,standard,none,65,67,62
Botham,some college,standard,none,79,67,67
Boucher,bachelor's degree,standard,completed,68,74,74
Boulting,associate's degree,standard,none,85,91,89
Boutall,high school,standard,completed,60,44,47
Bowditch,some college,standard,completed,98,86,90
Bowkell,some college,standard,none,58,67,72
Bown,master's degree,standard,none,87,100,100
Boxwell,associate's degree,standard,completed,66,63,64
Boys,associate's degree,free/reduced,none,52,76,70
Bradbuck,some high school,standard,none,70,64,72
Bradock,associate's degree,free/reduced,completed,77,89,98
Brake,high school,standard,none,62,55,49
Branburg,associate's degree,standard,none,54,53,47
Brannon,some college,standard,none,51,58,54
Bratton,bachelor's degree,standard,completed,99,100,100
Brazier,high school,standard,none,84,77,74
Breed,bachelor's degree,free/reduced,none,75,85,82
Brennand,bachelor's degree,standard,none,78,82,79
Brett,some high school,standard,none,51,63,61
Bricker,some college,standard,none,55,69,65
Bridgens,bachelor's degree,standard,completed,79,92,89
Brigg,associate's degree,standard,completed,91,89,92
Brimer,some college,standard,completed,88,93,93
Brinkman,high school,free/reduced,none,63,57,56
Brittan,some college,standard,none,83,80,73
Broadist,high school,standard,none,87,95,86
Broclesby,some high school,standard,none,72,68,67
Bromwich,some college,standard,completed,65,77,74
Brooks,master's degree,standard,none,82,82,74
Brotherwood,bachelor's degree,standard,none,51,49,51
Brownlees,master's degree,standard,none,89,84,82
Brumbill,some high school,free/reduced,completed,53,37,40
Bruson,some college,free/reduced,completed,87,74,70
Bubb,some college,standard,completed,75,81,84
Buckhurst,bachelor's degree,free/reduced,completed,74,79,75
Budd,bachelor's degree,standard,none,58,55,48
Buggins,some high school,standard,completed,51,54,41
Bullen,high school,standard,none,70,55,56
Bulmer,associate's degree,standard,none,59,66,67
Bunker,some college,standard,completed,71,61,69
Burbige,some high school,standard,none,76,72,71
Burell,some college,free/reduced,none,59,62,64
Burke,some college,free/reduced,completed,42,55,54
Burn,high school,standard,none,57,43,47
Burr,some college,standard,none,88,73,78
Burser,some college,free/reduced,none,22,39,33
Bushnell,some high school,standard,none,88,84,75
Butlin,associate's degree,free/reduced,none,73,68,66
Butty,bachelor's degree,standard,completed,68,75,81
Byham,associate's degree,free/reduced,completed,100,100,93
Cacace,some high school,standard,completed,62,67,69
Cahill,bachelor's degree,standard,none,77,67,68
Calderhead,associate's degree,standard,completed,59,70,66
Callard,bachelor's degree,standard,none,54,49,47
Calvert,some high school,standard,none,62,67,61
Campelman,some college,standard,completed,70,89,88
Cannell,high school,free/reduced,completed,66,74,78
Cape,some college,free/reduced,none,60,60,60
Cardew,associate's degree,standard,completed,61,86,87
Carless,associate's degree,free/reduced,none,66,62,64
Carnal,associate's degree,free/reduced,completed,82,78,74
Carratt,some college,free/reduced,completed,75,88,85
Cartey,master's degree,free/reduced,none,49,53,52
Carylon,high school,standard,none,52,53,49
Castell,master's degree,standard,none,81,92,91
Caterer,bachelor's degree,standard,completed,96,100,100
Cattermole,high school,free/reduced,completed,53,51,51
Causfield,master's degree,free/reduced,completed,58,76,78
Cavill,high school,standard,completed,68,83,78
Cawton,some college,free/reduced,completed,67,75,70
Chaffey,high school,standard,completed,72,73,74
Challinor,some high school,standard,none,94,88,78
Chance,some college,standard,none,79,86,81
Chappel,associate's degree,standard,none,63,67,70
Charman,bachelor's degree,free/reduced,completed,43,51,54
Chatt,master's degree,standard,completed,81,91,87
Cheese,high school,free/reduced,completed,46,54,58
Chesher,associate's degree,standard,completed,71,77,77
Chettleburgh,master's degree,free/reduced,completed,52,70,62
Chilcott,some high school,standard,completed,97,100,100
Chipman,master's degree,free/reduced,completed,62,68,75
Chorley,some college,free/reduced,none,46,64,66
Christmas,high school,standard,none,50,50,47
Civil,associate's degree,standard,none,65,69,70
Clare,some high school,free/reduced,completed,45,52,49
Clayburn,associate's degree,free/reduced,completed,65,67,65
Cleet,high school,standard,none,80,76,65
Cleminson,some high school,standard,completed,62,66,68
Clewlow,some high school,free/reduced,none,48,52,45
Clinkard,bachelor's degree,standard,none,77,88,87
Clothier,associate's degree,standard,none,66,65,69
Clutterbuck,some college,standard,completed,76,83,79
Coatman,some high school,standard,none,62,64,66
Cockbill,some college,standard,completed,77,62,62
Cockle,master's degree,standard,completed,69,84,85
Codgbrook,associate's degree,standard,none,61,55,52
Coggon,some high school,free/reduced,completed,59,69,65
Colburn,high school,free/reduced,none,55,56,51
Colesworthy,some college,free/reduced,none,45,53,55
Collin,bachelor's degree,free/reduced,none,78,79,76
Collyer,associate's degree,standard,completed,67,84,86
Combellack,some college,free/reduced,none,65,81,77
Compson,associate's degree,standard,none,69,77,69
Conisbee,associate's degree,standard,none,57,69,68
Connop,some college,standard,none,59,41,42
Convery,some high school,standard,completed,74,71,78
Cookson,bachelor's degree,standard,none,82,62,62
Cooper,high school,standard,completed,81,80,76
Copping,some college,free/reduced,none,74,81,76
Cord,some college,free/reduced,none,58,61,66
Corker,some high school,free/reduced,completed,80,79,79
Cornett,some college,free/reduced,none,35,28,27
Corrie,high school,free/reduced,none,42,62,60
Cosham,associate's degree,free/reduced,completed,60,51,56
Costlett,high school,standard,completed,87,91,81
Cotton,some high school,standard,completed,84,83,75
Coulfield,associate's degree,free/reduced,completed,83,86,88
Course,high school,free/reduced,none,34,42,39
Covel,high school,free/reduced,none,66,77,70
Cowdrill,some high school,standard,completed,61,56,56
Cowlishaw,high school,standard,completed,56,68,74
Coyne,associate's degree,standard,none,87,85,73
Cragg,some high school,free/reduced,none,55,65,62
Cranch,some high school,standard,none,86,80,75
Crate,associate's degree,standard,completed,52,66,73
Creaser,master's degree,free/reduced,none,45,56,54
Crews,some college,standard,none,72,72,71
Critchley,high school,standard,none,57,50,54
Cromack,some high school,free/reduced,none,68,72,64
Crop,some college,standard,completed,88,95,94
Crossland,some college,standard,none,76,64,66
Crowfoot,associate's degree,standard,none,46,43,42
Cruddas,bachelor's degree,standard,none,67,86,83
Cruttenden,some high school,standard,none,92,87,78
Cullen,bachelor's degree,standard,completed,83,82,84
Culton,associate's degree,standard,none,80,75,77
Cundell,bachelor's degree,free/reduced,none,63,66,67
Curd,some high school,standard,completed,64,60,74
Curren,some college,standard,none,54,52,51
Custance,associate's degree,standard,none,84,80,80
Cuzner,high school,free/reduced,completed,73,68,66
Daffain,bachelor's degree,standard,none,80,83,83
Daines,high school,standard,none,56,52,55
Dallen,some college,standard,none,59,51,43
Damarel,some high school,standard,none,75,74,69
Daniel,associate's degree,standard,none,85,76,71
Darbey,associate's degree,standard,none,89,76,74
Darnely,high school,standard,completed,58,70,68
Daubner,high school,standard,none,65,64,62
Davlin,high school,standard,none,68,60,53
Day,some high school,standard,completed,47,49,49
Deakin,some college,free/reduced,none,71,83,83
Deaville,some high school,standard,completed,60,70,70
Deham,master's degree,standard,none,80,80,72
Delve,high school,standard,none,54,52,52
Denison,some college,standard,none,62,73,70
Dennison,associate's degree,free/reduced,none,64,73,68
Derbyshire,associate's degree,standard,completed,78,77,77
Devanny,some college,standard,none,70,75,78
Dew,master's degree,free/reduced,completed,65,81,81
Deyns,some high school,free/reduced,completed,64,79,77
Dickens,some college,standard,completed,79,79,78
Dieppe,some high school,free/reduced,none,44,50,51
Dilly,high school,standard,none,99,93,90
Dingle,high school,standard,none,76,73,68
Dispane,some high school,free/reduced,none,59,42,41
Dixon,bachelor's degree,standard,none,63,75,81
Dockerill,high school,standard,none,69,72,77
Dodgson,associate's degree,standard,completed,88,92,95
Dolbey,some college,free/reduced,none,71,76,70
Dommet,bachelor's degree,standard,none,69,63,61
Donn,some college,standard,none,58,49,42
Donson,associate's degree,free/reduced,none,47,53,58
Dorbon,some college,standard,none,65,70,71
Dorry,some college,standard,completed,88,85,76
Douglass,bachelor's degree,standard,none,83,78,73
Dowell,some high school,standard,completed,85,92,93
Dowse,high school,standard,completed,59,63,75
Draisey,some high school,free/reduced,none,65,86,80
Drayson,bachelor's degree,free/reduced,none,73,56,57
Driscoll,high school,standard,none,53,52,42
Ducey,high school,standard,none,45,48,46
Dudley,bachelor's degree,free/reduced,none,73,79,84
Dufton,some college,free/reduced,completed,70,78,78
Dullforce,some high school,standard,none,37,46,46
Dumville,associate's degree,standard,completed,81,82,82
Dunham,associate's degree,standard,completed,97,82,88
Dunne,some high school,standard,none,67,89,82
Dunwell,bachelor's degree,free/reduced,none,88,75,76
Durham,some high school,standard,completed,77,76,77
Duty,associate's degree,standard,none,76,70,68
Dyke,some high school,standard,none,86,73,70
Eadington,some high school,standard,completed,63,60,57
Eames,bachelor's degree,standard,none,65,73,75
Earwaker,high school,free/reduced,completed,78,77,80
Eastman,associate's degree,free/reduced,none,67,62,60
Eberlin,some high school,standard,completed,46,41,43
Eckersley,associate's degree,standard,completed,71,74,68
Edgar,high school,free/reduced,completed,40,46,50
Edlin,associate's degree,free/reduced,none,90,87,75
Edward,some college,free/reduced,completed,81,78,81
Eggington,some high school,free/reduced,none,56,54,52
Eland,associate's degree,standard,completed,67,84,81
Eleson,associate's degree,standard,none,80,76,64
Elkington,associate's degree,standard,completed,74,75,83
Ellerton,some college,standard,none,69,67,69
Ellott,some college,standard,completed,99,87,81
Elsam,some high school,standard,none,51,52,44
Elvey,associate's degree,free/reduced,none,53,71,67
Emblen,high school,free/reduced,none,49,57,52
Emmet,associate's degree,standard,none,73,76,80
Endsworth,bachelor's degree,standard,none,66,60,57
Entwistle,bachelor's degree,standard,completed,67,61,68
Escott,associate's degree,free/reduced,completed,68,67,69
Esturs,bachelor's degree,standard,completed,59,64,75
Eustace,high school,standard,none,71,66,65
Evered,master's degree,standard,completed,77,82,91
Evison,associate's degree,standard,none,83,72,78
Exley,bachelor's degree,standard,none,63,71,69
Fagan,associate's degree,free/reduced,none,56,65,63
Fairer,high school,free/reduced,completed,67,79,84
Fairweather,high school,standard,none,75,86,79
Falvey,some college,standard,none,71,81,80
Faris,some high school,free/reduced,none,43,53,53
Farquhar,high school,free/reduced,none,41,46,43
Farrindge,some college,standard,none,82,90,94
Faux,some college,standard,none,61,61,62
Fazackerley,some college,free/reduced,none,28,23,19
Featherston,associate's degree,standard,completed,82,75,77
Fell,some high school,standard,none,41,55,51
Fennell,high school,standard,none,71,60,61
Fernaly,associate's degree,standard,none,47,37,35
Ferryman,associate's degree,standard,completed,62,56,53
Fidder,associate's degree,standard,none,90,78,81
Fieldstead,bachelor's degree,standard,none,83,93,95
Filliter,some college,free/reduced,none,61,68,66
Finlayson,some high school,standard,completed,76,70,69
Firmstone,associate's degree,standard,none,49,51,43
Fitzgerald,some high school,free/reduced,none,24,38,27
Flannagan,some high school,free/reduced,completed,35,55,60
Flesher,high school,free/reduced,none,58,61,52
Flitcroft,high school,standard,none,61,73,63
Fluett,high school,standard,completed,69,76,74
Folkard,associate's degree,standard,completed,67,72,67
Foottit,some college,standard,none,79,73,67
Forrest,high school,standard,none,72,80,75
Forty,some college,standard,none,62,61,57
Foulkes,bachelor's degree,standard,completed,77,94,95
Fowraker,high school,free/reduced,none,75,74,66
Francies,associate's degree,standard,none,87,74,76
Frape,bachelor's degree,standard,none,52,65,69
Free,some college,standard,none,66,57,52
Frewin,some college,standard,completed,63,78,80
Frobisher,associate's degree,standard,none,46,58,57
Frutherby,some college,standard,none,59,71,70
Fuler,bachelor's degree,standard,none,61,72,70
Furby,associate's degree,standard,none,63,61,61
Fussell,some college,free/reduced,completed,42,66,69
Gadsby,some college,free/reduced,none,59,62,61
Gaius,some college,standard,none,80,90,89
Galliford,high school,standard,none,58,62,59
Game,some high school,standard,completed,85,84,78
Gardiner,some college,standard,none,52,58,58
Garnar,some high school,free/reduced,none,27,34,32
Garrod,some college,standard,none,59,60,58
Garver,bachelor's degree,free/reduced,completed,49,58,60
Gasston,high school,standard,completed,69,58,53
Gauden,bachelor's degree,free/reduced,none,61,66,61
Gavon,some high school,free/reduced,none,44,64,58
Geas,some high school,standard,none,73,84,85
Gelder,some college,standard,none,84,77,71
Germany,some college,free/reduced,completed,45,73,70
Gibbons,some high school,standard,none,74,74,72
Gilburd,some college,standard,completed,82,97,96
Gill,bachelor's degree,standard,none,59,70,73
Gilligan,associate's degree,free/reduced,none,46,43,41
Gilroy,some high school,standard,none,80,90,82
Girdler,master's degree,free/reduced,completed,85,95,100
Gladding,some high school,standard,none,71,83,77
Glassup,bachelor's degree,standard,none,66,64,62
Gleeson,associate's degree,standard,none,80,86,83
Glock,associate's degree,standard,completed,87,100,95
Godard,master's degree,free/reduced,none,79,81,71
Goffon,some high school,free/reduced,none,38,49,45
Goldstien,some high school,free/reduced,none,38,43,43
Gooch,some college,standard,none,67,76,75
Goodey,bachelor's degree,standard,none,64,73,70
Goodridge,associate's degree,free/reduced,none,57,78,67
Gordge,high school,standard,none,62,64,64
Gorringe,master's degree,standard,none,73,70,75
Gothard,some high school,free/reduced,completed,73,67,59
Goulter,some college,standard,none,77,68,77
Gowers,some college,standard,none,76,67,67
Graham,associate's degree,standard,completed,57,54,56
Grassam,some high school,standard,completed,65,74,77
Gravett,high school,free/reduced,none,48,45,41
Greenacre,high school,free/reduced,none,50,67,63
Greenland,associate's degree,standard,none,85,89,95
Greenwod,some high school,standard,none,74,63,57
Gresham,some high school,standard,none,60,59,54
Grierson,some high school,standard,completed,59,54,67
Grills,some college,standard,none,53,43,43
Grindley,some college,free/reduced,none,49,65,55
Grondonae,high school,standard,completed,88,99,100
Groundale,high school,standard,none,54,59,62
Grundy,some high school,standard,none,63,73,68
Guinness,associate's degree,standard,completed,65,65,63
Gunby,associate's degree,standard,none,82,80,77
Gurling,high school,free/reduced,completed,52,57,56
Gutsell,associate's degree,standard,completed,87,84,85
Gwyver,master's degree,standard,completed,70,71,74
Hackett,some college,standard,completed,84,83,78
Hadley,associate's degree,standard,none,71,66,60
Haggerston,some high school,standard,completed,63,67,67
Hains,bachelor's degree,free/reduced,completed,51,72,79
Halk,high school,standard,none,84,73,69
Halling,bachelor's degree,standard,completed,71,74,68
Halsey,associate's degree,standard,none,74,73,67
Hames,some college,standard,none,68,59,62
Hammond,high school,free/reduced,completed,57,56,54
Hancocks,associate's degree,free/reduced,completed,82,93,93
Handyside,high school,standard,completed,57,58,64
Hannam,master's degree,free/reduced,completed,47,58,67
Hansen,some high school,standard,completed,59,85,80
Harbertson,some college,free/reduced,none,41,39,34
Hardington,some college,free/reduced,none,62,67,62
Hargraves,bachelor's degree,standard,none,86,83,86
Harlow,some high school,free/reduced,none,69,71,65
Harpur,some high school,free/reduced,none,65,59,53
Harrisson,some high school,free/reduced,none,68,63,54
Hartie,associate's degree,free/reduced,none,64,66,59
Hartupp,high school,standard,none,61,72,70
Haslehurst,high school,standard,none,61,56,55
Hastings,some high school,free/reduced,none,47,59,50
Hathway,some high school,standard,none,73,66,66
Havery,some college,free/reduced,completed,50,48,53
Hawkes,associate's degree,standard,none,75,68,64
Haworth,associate's degree,free/reduced,none,75,66,73
Haydock,high school,standard,none,70,56,51
Hayre,some high school,standard,completed,89,88,82
Hazell,some college,standard,completed,67,81,79
Heal,high school,standard,none,78,81,80
Heard,some high school,free/reduced,none,59,73,69
Heatherington,associate's degree,standard,none,73,83,76
Hecht,some high school,free/reduced,none,79,82,73
Heffernon,some high school,standard,completed,67,74,77
Helling,some college,free/reduced,none,69,66,60
Hemens,high school,standard,completed,86,81,80
Henbest,high school,standard,none,47,46,42
Hennell,associate's degree,standard,none,81,73,72
Henthorn,some college,free/reduced,completed,64,85,85
Herd,some college,standard,none,100,92,97
Heron,associate's degree,free/reduced,none,65,77,74
Hesket,some college,free/reduced,none,65,58,49
Hetherington,associate's degree,free/reduced,none,53,61,62
Hewick,bachelor's degree,free/reduced,none,37,56,47
Heyman,bachelor's degree,standard,none,79,89,89
Hibson,associate's degree,free/reduced,none,53,54,48
Hiddin,bachelor's degree,standard,none,100,100,100
Higgs,high school,standard,completed,72,65,68
Hildrett,bachelor's degree,free/reduced,none,53,58,55
Hilling,some college,free/reduced,none,54,54,45
Hincks,some college,standard,none,71,70,76
Hingley,some college,free/reduced,none,77,90,91
Hippisley,bachelor's degree,standard,completed,75,58,62
Hitchcox,some college,standard,none,84,87,91
Hoane,associate's degree,free/reduced,none,26,31,38
Hobrow,high school,free/reduced,completed,72,67,65
Hodder,high school,free/reduced,completed,77,88,85
Hodsall,some college,standard,none,91,74,76
Hoggett,associate's degree,standard,completed,83,85,90
Holder,high school,standard,none,63,69,74
Holgate,associate's degree,standard,completed,68,86,84
Hollingshead,some high school,standard,none,59,67,61
Hollway,associate's degree,standard,completed,90,90,91
Holsworth,bachelor's degree,standard,completed,71,76,83
Homan,bachelor's degree,standard,completed,76,62,66
Honnor,associate's degree,standard,none,80,68,72
Hooton,master's degree,standard,none,55,64,70
Hopping,associate's degree,standard,none,76,71,67
Horne,high school,standard,completed,73,71,68
Horrox,associate's degree,free/reduced,none,52,59,56
Hort,some college,free/reduced,none,68,68,61
Hotchin,high school,standard,none,59,52,46
Houldin,associate's degree,standard,none,49,52,54
How,high school,standard,none,70,74,71
Howes,some college,free/reduced,none,61,47,56
Howlison,associate's degree,free/reduced,none,60,75,74
Hoyles,some high school,standard,completed,64,53,57
Hucks,associate's degree,free/reduced,completed,79,82,82
Huggard,associate's degree,free/reduced,none,65,85,76
Hull,associate's degree,standard,none,64,64,70
Humby,some college,standard,none,83,83,90
Humphrys,bachelor's degree,standard,none,81,88,90
Hurd,high school,standard,none,54,64,68
Hurrin,high school,standard,completed,68,64,66
Hussleby,some college,standard,none,54,48,52
Hutson,some college,free/reduced,completed,59,78,76
Hynard,some high school,standard,none,66,69,68
Iceton,some college,standard,none,76,71,72
Imison,master's degree,standard,none,74,79,82
Ingle,associate's degree,standard,completed,94,87,92
Inman,some college,free/reduced,none,63,61,54
Ireson,associate's degree,standard,completed,95,89,92
Isle,master's degree,free/reduced,none,40,59,54
Ivin,some high school,standard,none,82,82,80
Jacques,high school,standard,none,68,70,66
Janson,bachelor's degree,free/reduced,none,55,59,54
Jays,master's degree,standard,none,79,78,77
Jefford,bachelor's degree,standard,none,86,92,87
Jellings,some college,standard,none,76,71,73
Jennians,some high school,standard,none,64,50,43
Jershy,some high school,free/reduced,none,62,49,52
Jewelt,some high school,standard,completed,54,61,62
Jinkins,master's degree,free/reduced,completed,77,97,94
Johnstone,some high school,standard,completed,76,87,85
Jopson,some college,standard,none,74,89,84
Joslyen,some college,standard,completed,66,74,73
Judd,some high school,standard,completed,66,78,78
Jupling,high school,free/reduced,completed,67,78,79
Kanes,some college,standard,none,71,49,52
Kealey,associate's degree,standard,none,91,86,84
Keast,bachelor's degree,standard,none,69,58,57
Keefe,master's degree,free/reduced,none,54,59,50
Keepence,high school,standard,completed,53,52,49
Kelham,some college,standard,none,68,60,59
Kelshaw,some high school,free/reduced,completed,56,61,60
Kench,high school,free/reduced,none,36,53,43
Kennay,bachelor's degree,free/reduced,none,29,41,47
Kensit,associate's degree,standard,none,62,74,70
Kerley,associate's degree,standard,completed,68,67,73
Kerwin,some high school,standard,none,47,54,53
Kevile,associate's degree,standard,completed,62,61,58
Kidmow,associate's degree,standard,completed,79,88,94
Kilkenny,high school,standard,completed,73,69,68
Kilshaw,bachelor's degree,free/reduced,completed,66,83,83
Kingham,associate's degree,standard,completed,51,60,58
Kinrade,high school,standard,none,51,66,62
Kirkman,bachelor's degree,standard,completed,85,66,71
Kitch,associate's degree,standard,completed,97,92,86
Knaggs,high school,standard,completed,75,69,68
Knipe,associate's degree,free/reduced,completed,79,82,80
Koetzow,associate's degree,standard,none,81,77,79
Lace,associate's degree,standard,none,82,95,89
Laidlaw,master's degree,standard,none,64,63,66
Lamar,some high school,free/reduced,completed,78,83,80
Lamey,some high school,standard,completed,92,100,97
Lancett,high school,standard,completed,72,67,64
Langborne,high school,free/reduced,none,62,67,64
Langsford,master's degree,standard,none,79,72,69
Lanning,some high school,free/reduced,none,79,76,65
Larcher,bachelor's degree,free/reduced,completed,87,90,88
Larwood,associate's degree,standard,none,40,48,50
Latimer,some college,free/reduced,none,77,62,64
Lavallin,associate's degree,standard,none,53,45,40
Lawes,some college,free/reduced,none,32,39,33
Lawton,associate's degree,standard,completed,55,72,79
Leach,master's degree,free/reduced,none,61,67,66
Leake,associate's degree,free/reduced,none,53,70,70
Leary,some high school,standard,none,73,66,62
Lebbon,some college,standard,completed,74,75,79
Lednor,some college,standard,none,63,74,74
Leeman,bachelor's degree,standard,completed,96,90,92
Leigh,some college,free/reduced,completed,63,80,80
Lennard,bachelor's degree,free/reduced,none,48,51,46
Lethbridge,associate's degree,standard,none,48,43,45
Levinge,bachelor's degree,free/reduced,completed,92,100,100
Lewsley,master's degree,free/reduced,completed,61,71,78
Liddiard,high school,free/reduced,none,63,48,47
Lighting,bachelor's degree,free/reduced,none,68,68,67
Lillis,some college,standard,completed,71,75,70
Linbourn,bachelor's degree,standard,none,91,96,92
Lindsley,some college,standard,none,53,62,56
Linley,high school,free/reduced,completed,50,66,64
Lippiatt,high school,standard,none,74,81,71
Littel,associate's degree,free/reduced,completed,40,55,53
Liversedge,some college,standard,completed,61,51,52
Loader,high school,standard,none,81,91,89
Lockley,some college,free/reduced,completed,48,56,58
Lofts,master's degree,standard,none,53,61,68
London,some high school,standard,none,81,97,96
Longmire,some high school,standard,none,77,79,80
Loomes,bachelor's degree,free/reduced,none,63,73,78
Loton,associate's degree,standard,completed,73,75,80
Loveland,some college,standard,none,69,77,77
Lowe,associate's degree,standard,none,65,76,76
Lowrey,high school,standard,none,55,73,73
Lucas,bachelor's degree,free/reduced,none,44,63,62
Lufkin,some college,standard,none,54,64,65
Lumley,some high school,standard,none,48,66,65
Lush,some college,free/reduced,none,58,57,54
Lyddiard,some high school,standard,none,71,62,50
Lyne,bachelor's degree,standard,none,68,68,64
Mabin,high school,standard,none,74,76,73
Macgaving,bachelor's degree,standard,completed,92,100,99
Mackesfield,bachelor's degree,standard,completed,56,79,72
MacNally,high school,free/reduced,none,30,24,15
Maddison,some high school,standard,none,53,54,48
Magen,high school,standard,none,69,77,73
Mahoney,some high school,standard,none,65,82,81
Mairs,master's degree,standard,none,54,60,63
Male,high school,standard,none,29,29,30
Mallinson,some college,standard,none,76,78,80
Malton,high school,free/reduced,none,60,57,51
Manfield,master's degree,free/reduced,completed,84,89,90
Manners,some high school,standard,none,75,72,62
Mapelthorp,associate's degree,standard,none,85,84,82
Marcroft,master's degree,free/reduced,none,40,58,54
Marin,some college,standard,none,61,64,62
Marland,associate's degree,standard,none,58,63,65
Marriage,some college,free/reduced,completed,69,60,63
Marsters,some college,standard,none,58,59,66
Mash,bachelor's degree,standard,completed,94,90,91
Masterman,associate's degree,standard,none,65,77,74
Mattacks,associate's degree,standard,none,82,93,93
Mattinson,high school,standard,none,60,68,72
Maulkin,bachelor's degree,standard,none,37,45,38
Maxfield,bachelor's degree,standard,none,88,78,83
Mayger,master's degree,standard,none,95,81,84
Maythorn,associate's degree,free/reduced,completed,65,73,68
McCabe,high school,free/reduced,none,35,61,54
McCauley,bachelor's degree,free/reduced,none,62,63,56
McConon,high school,free/reduced,completed,58,51,52
McDermott,some college,standard,completed,100,96,86
McEnally,bachelor's degree,free/reduced,none,61,58,62
McGarvey,some college,standard,completed,100,97,99
McGovan,associate's degree,free/reduced,completed,69,70,63
McGuiness,associate's degree,standard,none,61,48,46
McKale,some college,free/reduced,none,49,57,46
McKinnon,some high school,standard,completed,44,51,55
McLeod,some college,standard,none,67,64,70
McNab,high school,standard,none,79,60,65
McNiel,bachelor's degree,standard,completed,66,74,81
McVicker,high school,standard,none,75,88,85
Meadmore,some high school,standard,none,84,84,80
Meall,high school,standard,none,71,74,64
Medhurst,high school,free/reduced,completed,67,80,81
Meen,some high school,standard,completed,80,92,88
Meldon,some college,standard,none,86,76,74
Mellor,associate's degree,standard,none,76,74,73
Mendenhall,high school,standard,none,41,52,51
Meredith,associate's degree,free/reduced,completed,74,88,90
Merrifield,some high school,free/reduced,none,72,81,79
Messum,high school,standard,completed,74,79,80
Micha,high school,standard,none,70,65,60
Middlehurst,bachelor's degree,standard,completed,65,81,81
Milburn,associate's degree,standard,none,59,70,65
Millgate,high school,free/reduced,none,64,62,68
Millns,high school,standard,none,50,53,55
Milvern,some college,standard,completed,69,79,81
Minshall,some high school,free/reduced,completed,51,56,53
Mitchel,high school,standard,completed,68,80,76
Moah,some college,standard,completed,85,86,98
Moffat,associate's degree,standard,completed,65,70,74
Molineaux,some high school,standard,none,73,79,79
Monck,some college,standard,none,62,67,67
Montagu,associate's degree,free/reduced,none,77,67,64
Moorhouse,some high school,standard,none,69,66,61
Morey,associate's degree,free/reduced,none,43,60,58
Morley,associate's degree,standard,none,90,87,85
Morrisson,some college,free/reduced,none,74,77,73
Morton,some high school,standard,none,73,66,63
Mothersole,some college,free/reduced,none,55,71,69
Moule,high school,standard,none,65,69,67
Mousell,associate's degree,standard,none,80,63,63
Moyce,some high school,free/reduced,completed,50,60,60
Mugford,some college,free/reduced,completed,63,73,71
Mullender,bachelor's degree,free/reduced,none,77,85,87
Mumby,some college,standard,none,73,74,61
Munson,associate's degree,standard,completed,81,72,77
Murphy,high school,free/reduced,none,66,76,68
Mursland,associate's degree,free/reduced,none,52,57,50
Mutimo,some college,standard,none,69,78,76
Nadal,associate's degree,standard,completed,65,84,84
Nancekivell,high school,standard,completed,69,77,78
Nattress,some college,standard,completed,50,64,66
Needles,some college,standard,completed,73,78,76
Nelmes,some high school,standard,completed,70,82,76
Nevel,associate's degree,free/reduced,none,81,75,78
Newborn,some college,free/reduced,none,63,61,60
Newlove,high school,standard,none,67,72,74
Newton,high school,standard,none,60,68,60
Nickolson,high school,standard,none,62,55,54
Noad,some high school,free/reduced,completed,29,40,44
Nodder,some college,standard,completed,62,66,68
Norcutt,master's degree,standard,completed,94,99,100
Northcoat,some college,standard,completed,85,75,68
Norwood,associate's degree,free/reduced,none,77,78,73
Nown,high school,free/reduced,none,53,58,44
Nuthall,some college,free/reduced,none,93,90,83
Oakden,associate's degree,standard,none,49,53,53
Oboe,associate's degree,free/reduced,none,73,76,78
Ocwell,bachelor's degree,free/reduced,completed,66,74,81
Offer,associate's degree,standard,none,77,77,73
Oiley,some high school,standard,none,49,63,56
Oldrieve,some college,free/reduced,none,79,89,86
Olley,associate's degree,standard,completed,75,82,90
ONeile,bachelor's degree,standard,none,59,72,70
Ord,associate's degree,standard,completed,57,78,79
Ormisher,high school,free/reduced,none,66,66,59
Orsborn,bachelor's degree,standard,completed,79,81,82
Oswald,some high school,standard,none,57,67,72
Otway,bachelor's degree,standard,completed,87,84,87
Overall,some college,standard,none,63,64,67
Oxlade,some high school,free/reduced,completed,59,63,64
Padbury,bachelor's degree,free/reduced,none,62,72,65
Page,high school,standard,none,46,34,36
Palethorpe,some college,standard,none,66,59,52
Palmer,high school,standard,none,89,87,79
Papworth,associate's degree,free/reduced,completed,42,61,58
Pares,some college,standard,completed,93,84,90
Parkin,some high school,standard,completed,80,85,85
Parratt,some college,standard,none,98,100,99
Parsons,master's degree,standard,none,81,81,84
Passell,some high school,standard,completed,60,70,74
Patient,associate's degree,free/reduced,completed,76,94,87
Pattrick,associate's degree,standard,completed,73,78,72
Pawlett,associate's degree,standard,completed,96,96,99
Peachey,high school,standard,none,76,76,74
Pearl,associate's degree,free/reduced,completed,91,73,80
Peate,some college,free/reduced,none,62,72,70
Peel,some high school,free/reduced,completed,55,59,59
Pellow,some high school,free/reduced,completed,74,90,88
Pendrous,high school,standard,none,50,48,42
Penna,some college,standard,none,47,43,41
Penzerr,some college,standard,completed,81,74,71
Perelli,associate's degree,standard,completed,65,75,77
Perrey,some high school,standard,completed,68,51,57
Petchell,high school,free/reduced,none,73,92,84
Pettengell,some college,standard,none,53,39,37
Peverill,associate's degree,free/reduced,completed,68,77,80
Philbey,some high school,free/reduced,none,55,46,43
Philps,some college,standard,completed,87,89,94
Pickering,some high school,standard,none,55,47,44
Pickup,some college,free/reduced,none,53,58,57
Pierstone,master's degree,standard,none,67,57,59
Pilkington,associate's degree,standard,none,92,79,84
Pincombe,some college,free/reduced,completed,53,66,73
Pinney,associate's degree,standard,none,81,71,73
Pitcher,high school,free/reduced,none,61,60,55
Pitts,bachelor's degree,standard,none,80,73,72
Plaxton,associate's degree,free/reduced,none,37,57,56
Plimley,high school,standard,none,81,84,82
Plunkett,associate's degree,standard,completed,59,73,72
Poles,some college,free/reduced,none,55,55,47
Pomeroy,associate's degree,standard,none,72,79,74
Poolton,high school,standard,none,69,75,71
Portch,some college,standard,none,69,64,68
Potlin,bachelor's degree,free/reduced,none,50,60,59
Poulton,some college,standard,completed,87,84,86
Pownall,some high school,standard,completed,71,69,68
Prance,some college,standard,none,68,72,65
Preen,master's degree,free/reduced,completed,79,77,75
Preston,some high school,standard,completed,77,90,85
Priestley,associate's degree,free/reduced,none,58,55,53
Prior,associate's degree,standard,none,84,95,92
Prockter,some college,standard,none,55,58,52
Proudlock,bachelor's degree,free/reduced,completed,70,68,72
Pryse,some college,free/reduced,completed,52,59,65
Pull,some college,standard,completed,69,77,77
Punter,high school,free/reduced,none,53,72,64
Purrington,some high school,standard,none,48,58,54
Puttock,some high school,standard,completed,78,81,86
Pyrah,high school,standard,none,62,62,63
Quiddington,some college,standard,none,60,63,59
Raban,high school,standard,none,74,72,72
Radley,high school,standard,completed,58,75,77
Rain,high school,standard,completed,76,62,60
Ralph,some high school,standard,none,68,71,75
Ramsbotham,some college,free/reduced,none,58,60,57
Rand,high school,standard,none,52,48,49
Rans,bachelor's degree,standard,none,75,73,74
Rassen,some high school,free/reduced,completed,52,67,72
Ravell,bachelor's degree,free/reduced,none,62,78,79
Rawling,some college,standard,none,66,65,60
Raye,some high school,free/reduced,none,49,58,55
Reading,high school,standard,none,66,72,70
Reburn,some college,free/reduced,none,35,44,43
Redhead,some college,standard,completed,72,79,82
Reedman,associate's degree,standard,completed,94,85,82
Reilley,associate's degree,free/reduced,none,46,56,57
Renehan,master's degree,standard,none,77,90,84
Rest,high school,free/reduced,completed,76,85,82
Rhind,associate's degree,standard,completed,52,59,62
Richdale,bachelor's degree,standard,completed,91,81,79
Ricktts,some high school,standard,completed,32,51,44
Ridgeon,some high school,free/reduced,none,72,79,77
Rigg,some college,standard,none,19,38,32
Rinder,associate's degree,free/reduced,none,68,65,61
Risebrook,master's degree,free/reduced,none,52,65,61
Roake,high school,standard,none,48,62,60
Robinson,some college,free/reduced,none,60,66,70
Rockett,high school,free/reduced,none,66,74,69
Rodey,some high school,standard,completed,89,84,77
Rofe,high school,standard,none,42,52,51
Rollins,associate's degree,free/reduced,completed,57,68,73
Roome,high school,standard,none,70,70,70
Rose,associate's degree,free/reduced,none,70,84,81
Rosseter,some college,standard,none,69,60,54
Rounce,associate's degree,standard,none,52,55,57
Rowbottom,some high school,standard,completed,67,73,68
Rowney,some high school,standard,completed,76,80,73
Royffe,associate's degree,standard,none,87,94,95
Ruddock,some college,standard,none,82,85,87
Ruffels,some college,standard,none,73,76,78
Rumsey,some college,free/reduced,none,75,81,74
Rushby,some college,free/reduced,none,64,74,75
Rutherford,high school,free/reduced,none,41,45,40
Ryde,high school,standard,none,90,75,69
Ryvie,bachelor's degree,standard,none,59,54,51
Saggs,some high school,standard,none,51,31,36
Salmon,high school,free/reduced,none,45,47,49
Samples,master's degree,standard,completed,54,64,67
Sanday,some high school,standard,completed,87,84,76
Sandon,high school,standard,none,72,80,83
Sant,some high school,standard,completed,94,86,87
Sarginson,bachelor's degree,standard,none,45,59,64
Saul,bachelor's degree,free/reduced,completed,61,70,76
Savory,high school,free/reduced,none,60,72,68
Sayce,some high school,standard,none,77,91,88
Scannell,some high school,standard,completed,85,90,92
Scatchard,bachelor's degree,free/reduced,none,78,90,93
Scholey,some college,free/reduced,completed,49,52,51
Scoffham,high school,free/reduced,none,71,87,82
Scourse,some high school,free/reduced,none,48,58,52
Scroob,high school,standard,none,62,67,58
Seagar,associate's degree,free/reduced,completed,56,68,70
Seapy,some high school,standard,none,65,69,76
Seccull,some high school,free/reduced,completed,69,86,81
Seekings,some high school,standard,none,68,54,53
Selles,some college,free/reduced,none,61,60,57
Semido,bachelor's degree,free/reduced,completed,74,86,89
Serjeant,bachelor's degree,standard,none,64,60,58
Sevin,high school,standard,completed,77,82,89
Shackleton,some college,standard,none,58,50,45
Shakespeare,high school,standard,completed,60,64,74
Shannon,high school,standard,none,73,64,57
Sharples,high school,standard,completed,75,82,79
Shelbourn,associate's degree,free/reduced,completed,58,57,53
Shenton,associate's degree,standard,none,66,77,73
Sheridan,high school,free/reduced,none,39,52,46
Sherwin,some high school,standard,none,64,58,51
Shildrick,high school,free/reduced,completed,23,44,36
Shingler,some college,free/reduced,completed,74,77,76
Shirtcliffe,some high school,free/reduced,completed,40,65,64
Shorky,master's degree,standard,none,90,85,84
Shreeve,master's degree,standard,completed,91,85,85
Shum,high school,standard,none,64,54,50
Siddell,high school,standard,none,59,72,68
Silcox,associate's degree,standard,none,80,75,69
Silvester,master's degree,standard,none,71,67,67
Simmons,high school,standard,none,61,68,63
Sinden,some college,standard,none,87,85,93
Sisley,some high school,standard,none,82,67,61
Skeats,some high school,standard,none,62,64,55
Skermer,bachelor's degree,standard,none,97,97,96
Skilton,some college,free/reduced,none,75,68,65
Skyrme,bachelor's degree,standard,none,65,79,81
Sleaford,high school,standard,completed,52,49,46
Slip,associate's degree,free/reduced,none,87,73,72
Smale,associate's degree,standard,none,53,62,53
Smedley,master's degree,free/reduced,none,81,86,87
Smirthwaite,bachelor's degree,free/reduced,completed,39,42,38
Smout,some college,standard,completed,71,71,80
Snell,associate's degree,standard,none,97,93,91
Snushall,some college,standard,completed,82,82,88
Solliss,high school,free/reduced,none,59,53,52
Somerville,associate's degree,standard,none,61,42,41
Sorry,associate's degree,free/reduced,completed,78,74,72
Southerden,associate's degree,free/reduced,none,49,51,51
Southwood,high school,standard,none,59,58,47
Spalding,some college,standard,completed,70,72,76
Sparkman,associate's degree,standard,completed,82,84,78
Speckeley,associate's degree,free/reduced,none,90,90,82
Spendlove,bachelor's degree,free/reduced,none,43,62,61
Spilsworth,some college,free/reduced,none,80,64,66
Sporer,some college,standard,none,81,82,84
Spree,some high school,standard,none,57,61,54
Spurden,some high school,standard,none,59,72,80
Srigley,associate's degree,standard,none,64,76,74
Stainfield,bachelor's degree,standard,completed,63,64,66
Stanaway,bachelor's degree,standard,completed,71,70,70
Stanesby,high school,free/reduced,none,64,73,71
Stansbie,bachelor's degree,free/reduced,none,55,46,44
Star,associate's degree,standard,none,51,51,54
Start,associate's degree,standard,completed,62,76,80
Stearment,associate's degree,standard,completed,93,100,95
Steeples,high school,free/reduced,none,54,72,59
Stendell,some college,free/reduced,none,69,65,74
Stevens,high school,free/reduced,none,44,51,48
Stillman,some college,standard,completed,86,85,91
Stock,associate's degree,standard,none,85,92,85
Stodgel,master's degree,free/reduced,none,50,67,73
Stoner,some high school,standard,completed,88,74,75
Stor,associate's degree,standard,none,59,62,69
Stout,some high school,free/reduced,none,32,34,38
Strangward,high school,free/reduced,none,36,29,27
Streete,some high school,free/reduced,completed,63,78,79
Stringfellow,associate's degree,standard,completed,67,54,63
Stubbing,some high school,standard,completed,65,78,82
Sturgeon,master's degree,standard,none,85,84,89
Such,master's degree,standard,none,73,78,74
Sullivan,high school,free/reduced,completed,34,48,41
Sumner,bachelor's degree,free/reduced,completed,93,100,100
Surry,some high school,free/reduced,none,67,84,84
Suttle,some college,standard,none,88,77,77
Swale,high school,standard,none,57,48,51
Swatling,some college,standard,completed,79,84,91
Sweetser,bachelor's degree,free/reduced,none,67,75,72
Swinfon,bachelor's degree,standard,completed,70,64,70
Sydal,bachelor's degree,free/reduced,none,50,42,48
Symonds,some college,standard,none,69,84,82
Tackley,bachelor's degree,standard,completed,52,61,66
Tallant,bachelor's degree,free/reduced,completed,47,62,66
Tangye,associate's degree,free/reduced,none,46,61,55
Tarbuck,some college,standard,none,68,70,66
Tatler,bachelor's degree,standard,completed,100,100,100
Taylor,high school,standard,none,44,61,52
Tebbett,associate's degree,standard,completed,57,77,80
Temperley,some college,standard,completed,91,96,91
Terson,high school,free/reduced,none,69,70,67
Tewson,high school,free/reduced,none,35,53,46
Theakstone,high school,standard,none,72,66,66
Thickins,associate's degree,free/reduced,none,54,65,65
Thomas,high school,free/reduced,none,74,70,69
Thornber,some high school,standard,completed,74,64,60
Thornton,associate's degree,free/reduced,none,64,56,52
Thresh,high school,free/reduced,completed,65,61,71
Thurlwell,associate's degree,free/reduced,completed,46,43,44
Tibbetts,some high school,free/reduced,none,48,56,51
Tidswell,some college,free/reduced,completed,67,74,70
Tiley,some college,free/reduced,none,62,57,62
Timberlake,associate's degree,free/reduced,completed,61,71,73
Tincknell,bachelor's degree,free/reduced,completed,70,75,74
Tinney,associate's degree,standard,completed,98,87,90
Tissington,some college,free/reduced,none,70,63,58
Tittle,associate's degree,standard,none,67,57,53
Tolar,high school,free/reduced,none,57,58,57
Tombs,some college,standard,completed,85,81,85
Tomson,some high school,standard,completed,77,68,69
Toole,master's degree,free/reduced,completed,72,66,72
Topney,master's degree,standard,none,78,91,96
Tory,high school,standard,none,81,66,64
Tovey,some high school,free/reduced,completed,61,62,61
Townroe,high school,standard,none,58,68,61
Trash,associate's degree,standard,none,54,61,58
Treacy,high school,standard,none,82,82,80
Tregellas,some college,free/reduced,none,49,58,60
Trenaman,some high school,free/reduced,completed,49,50,52
Trethewey,high school,free/reduced,completed,57,75,73
Trewin,high school,standard,none,94,73,71
Trimby,some college,standard,completed,75,77,83
Trollope,some high school,free/reduced,none,74,74,72
Trubody,high school,standard,completed,58,52,54
Trussler,some college,standard,none,62,69,69
Tuckfield,associate's degree,standard,none,72,57,62
Tullett,some college,standard,none,84,87,81
Tunningley,master's degree,standard,none,92,100,100
Turnbull,high school,standard,none,45,63,59
Tutthill,high school,standard,none,75,81,71
Tweedy,some college,standard,none,56,58,64
Twist,some high school,free/reduced,none,48,54,53
Tydeman,associate's degree,standard,none,100,100,100
Tyrell,some high school,free/reduced,completed,65,76,75
Underdown,some college,standard,none,72,57,58
Upson,some college,standard,none,62,70,72
Usill,some high school,standard,completed,66,68,64
Vallett,some college,standard,none,63,63,60
Varden,associate's degree,standard,none,68,76,67
Vassar,bachelor's degree,standard,none,75,84,80
Veitch,bachelor's degree,standard,none,89,100,100
Verity,some high school,standard,completed,78,72,69
Viall,high school,free/reduced,completed,53,50,60
Vince,some college,free/reduced,none,49,65,61
Virgo,some college,standard,none,54,63,67
Vokins,some college,standard,completed,64,82,77
Waddicar,some college,free/reduced,completed,60,62,60
Wadkin,associate's degree,standard,none,62,65,58
Wainwright,high school,standard,completed,55,41,48
Waker,associate's degree,standard,none,91,95,94
Waley,high school,free/reduced,none,8,24,23
Wallbridge,some high school,standard,none,81,78,78
Walmsby,some high school,standard,completed,79,85,86
Wandlass,some college,standard,completed,78,87,91
Warbutton,some high school,standard,none,74,75,82
Wareham,high school,standard,none,57,51,54
Warr,associate's degree,standard,none,40,59,51
Warwick,some high school,standard,completed,81,75,76
Waterhouse,some high school,free/reduced,none,44,45,45
Watson,some college,free/reduced,completed,67,86,83
Waylett,high school,free/reduced,completed,86,81,75
Wear,some high school,standard,completed,65,82,78
Weathers,associate's degree,free/reduced,none,55,76,76
Wedgberrow,bachelor's degree,free/reduced,none,62,72,74
Weight,high school,standard,none,63,63,62
Weldele,master's degree,standard,completed,88,99,95
Welman,high school,free/reduced,none,62,55,55
Werrett,high school,free/reduced,completed,59,71,65
Westerby,some college,standard,completed,68,78,77
Westoby,some college,free/reduced,none,77,86,86